Item ID,Section,Subsection,Unit,Category,Item name (in Word documents),Descriptive Item Name,Difficulty Level,XBlock URL,Module,Module_Liberty,Where item exists today,Notes
1,Module 1,Lesson 1,Unit 1.1.a - Types of Data,Problem,Adapt 1,Class data type 1,Easy,,post-test adpt,pre-test fixed,Pre,
10,Module 1,Lesson 5,Unit 1.5.a - Nominal Data and Ordinal Data,Problem,Adapt 10,Age data type 2,Easy,,Module 1,pre-test adpt,Module 3,
100,Module 2,Lesson 3,Unit 2.3.b - Independent Events,Problem,Adapt 100,Head on third toss,Easy,,Module 2,Module 2,Module 3,
101,Module 2,Lesson 3,Unit 2.3.a - Mutually Exclusive Events and Finding Prob (A or B),Problem,Adapt 101,Same blood type 1,Reg,,Module 2,Module 2,Post,
102,Module 2,Lesson 3,Unit 2.3.a - Mutually Exclusive Events and Finding Prob (A or B),Problem,Adapt 102,Same blood type 2,Reg,,Module 2,Module 2,Post,
103,Module 2,Lesson 3,Unit 2.3.a - Mutually Exclusive Events and Finding Prob (A or B),Problem,Adapt 103,Same blood type 3,Reg,,pre-test adpt,pre-test adpt,Pre,
104,Module 2,Lesson 1,Unit 2.1.a - Introduction to Probability,Problem,Adapt 104,Absolute 3,Easy,,pre-test adpt,pre-test adpt,Final,Include in all conditions
105,Module 2,Lesson 1,Unit 2.1.a - Introduction to Probability,Problem,Adapt 105,Absolute 2,Easy,,Module 2,Module 2,Post,
106,Module 2,Lesson 1,Unit 2.1.a - Introduction to Probability,Problem,Adapt 106,Absolute 4,Easy,,Module 2,Module 2,Pre,
107,Module 2,Lesson 2,Unit 2.2.a - Law of Complements,Problem,Adapt 107,4 in 6 tosses,Reg,,Module 2,Module 2,Post,
108,Module 2,Lesson 2,Unit 2.2.a - Law of Complements,Problem,Adapt 108,3 in 24 tosses,Reg,,post-test fixed,post-test adpt,Module 3,
109,Module 2,Lesson 2,Unit 2.2.a - Law of Complements,Problem,Adapt 109,2 in 24 tosses,Reg,,Module 2,Module 2,Pre,Include in all conditions
11,Module 1,Lesson 1,Unit 1.1.a - Types of Data,Problem,Adapt 11,Income data type 1,Easy,,Module 1,Module 1,Pre,
110,Module 2,Lesson 4,Unit 2.4.a - Conditional Probability,Problem,Adapt 110,Marginal prob 1,Reg,,Module 2,pre-test fixed,Post,
111,Module 2,Lesson 4,Unit 2.4.a - Conditional Probability,Problem,Adapt 111,Marginal prob 2,Reg,,Module 2,Module 2,Post,
112,Module 2,Lesson 4,Unit 2.4.a - Conditional Probability,Problem,Adapt 112,Marginal prob 3,Reg,,Module 2,Module 2,Pre,
113,Module 2,Lesson 3,Unit 2.3.a - Mutually Exclusive Events and Finding Prob (A or B),Problem,Adapt 113,MBA Grade 1,Difficult,,post-test adpt,post-test adpt,Pre,
114,Module 2,Lesson 3,Unit 2.3.a - Mutually Exclusive Events and Finding Prob (A or B),Problem,Adapt 114,MBA Grade 2,Difficult,,pre-test fixed,pre-test fixed,Pre,
115,Module 2,Lesson 3,Unit 2.3.a - Mutually Exclusive Events and Finding Prob (A or B),Problem,Adapt 115,MBA Grade 3,Difficult,,Module 2,Module 2,Module 3,
116,Module 2,Lesson 5,Unit 2.5.a - Law of Total Probability,Problem,Adapt 116,Marginal prob 4,Reg,,Module 2,Module 2,Pre,
117,Module 2,Lesson 5,Unit 2.5.a - Law of Total Probability,Problem,Adapt 117,Marginal prob 5,Reg,,post-test adpt,post-test adpt,Pre,
118,Module 2,Lesson 5,Unit 2.5.a - Law of Total Probability,Problem,Adapt 118,Marginal prob 6,Reg,,post-test fixed,pre-test adpt,Pre,
119,Module 2,Lesson 5,Unit 2.5.a - Law of Total Probability,Problem,Adapt 119,Marginal prob 7,Reg,,Module 2,Module 2,Final,
12,Module 1,Lesson 5,Unit 1.5.a - Nominal Data and Ordinal Data,Problem,Adapt 12,Income data type 2,Easy,,pre-test adpt,Module 1,Module 3,
120,Module 2,Lesson 5,Unit 2.5.c - Bayes Theorem,Problem,Adapt 120,Insurance 1,Reg,,pre-test adpt,pre-test adpt,Module 1,
121,Module 2,Lesson 5,Unit 2.5.c - Bayes Theorem,Problem,Adapt 121,Insurance 2,Reg,,post-test fixed,post-test fixed,Pre,
122,Module 2,Lesson 5,Unit 2.5.c - Bayes Theorem,Problem,Adapt 122,Insurance 3,Reg,,pre-test fixed,post-test adpt,Module 3,
123,Module 2,Lesson 5,Unit 2.5.c - Bayes Theorem,Problem,Adapt 123,Insurance 4,Reg,,Module 2,Module 2,Pre,
124,Module 2,Lesson 5,Unit 2.5.c - Bayes Theorem,Problem,Adapt 124,Zoology1,Difficult,,Module 2,Module 2,Post,
125,Module 2,Lesson 5,Unit 2.5.c - Bayes Theorem,Problem,Adapt 125,Zoology2,Difficult,,Module 2,Module 2,Pre,
126,Module 2,Lesson 5,Unit 2.5.c - Bayes Theorem,Problem,Adapt 126,Zoology3,Difficult,,Module 2,post-test adpt,Post,
127,Module 2,Lesson 5,Unit 2.5.c - Bayes Theorem,Problem,Adapt 127,Zoology Unions 1,Difficult,,Module 2,Module 2,Module 3,
128,Module 2,Lesson 5,Unit 2.5.c - Bayes Theorem,Problem,Adapt 128,Zoology Unions 2,Difficult,,Module 2,Module 2,Pre,
129,Module 2,Lesson 5,Unit 2.5.c - Bayes Theorem,Problem,Adapt 129,Drug Use 1,Easy,,Module 2,post-test adpt,Post,
13,Module 1,Lesson 1,Unit 1.1.a - Types of Data,Problem,Adapt 13,Job sat data type 1,Easy,,post-test adpt,post-test adpt,Post,
130,Module 2,Lesson 5,Unit 2.5.c - Bayes Theorem,Problem,Adapt 130,Drug Use 2,Easy,,Module 2,Module 2,Final,
131,Module 2,Lesson 5,Unit 2.5.c - Bayes Theorem,Problem,Adapt 131,Lump 1,Easy,,Module 2,Module 2,Pre,
132,Module 2,Lesson 5,Unit 2.5.c - Bayes Theorem,Problem,Adapt 132,Lump 2,Easy,,Module 2,Module 2,Post,
133,Module 2,Lesson 5,Unit 2.5.c - Bayes Theorem,Problem,Adapt 133,Cancer 1,Reg,,post-test adpt,post-test adpt,Post,
134,Module 2,Lesson 5,Unit 2.5.c - Bayes Theorem,Problem,Adapt 134,Cancer 2,Reg,,Module 2,Module 2,Pre,
135,Module 2,Lesson 5,Unit 2.5.c - Bayes Theorem,Problem,Adapt 135,Cancer 3,Reg,,post-test adpt,post-test adpt,Pre,
136,Module 2,Lesson 4,Unit 2.4.a - Conditional Probability,Problem,Adapt 136,Color Given Face 1,Reg,,pre-test adpt,pre-test adpt,Pre,
137,Module 2,Lesson 4,Unit 2.4.a - Conditional Probability,Problem,Adapt 137,Color Given Face 2,Reg,,Module 2,Module 2,Post,
138,Module 2,Lesson 4,Unit 2.4.a - Conditional Probability,Problem,Adapt 138,Color Given Face 3,Reg,,Module 2,post-test fixed,Pre,
139,Module 2,Lesson 4,Unit 2.4.a - Conditional Probability,Problem,Adapt 139,Color Given Face 4,Reg,,Module 2,Module 2,Post,
14,Module 1,Lesson 5,Unit 1.5.a - Nominal Data and Ordinal Data,Problem,Adapt 14,Job sat data type 2,Reg,,Module 1,post-test adpt,Module 3,
140,Module 2,Lesson 5,Unit 2.5.a - Law of Total Probability,Problem,Adapt 140,Coupon 1,Easy,,pre-test adpt,pre-test adpt,Post,
141,Module 2,Lesson 5,Unit 2.5.a - Law of Total Probability,Problem,Adapt 141,Coupon 2,Easy,,pre-test fixed,post-test adpt,Pre,
142,Module 2,Lesson 5,Unit 2.5.a - Law of Total Probability,Problem,Adapt 142,Coupon 3,Easy,,post-test adpt,post-test adpt,Post,
143,Module 2,Lesson 5,Unit 2.5.a - Law of Total Probability,Problem,Adapt 143,Coupon 4,Easy,,pre-test fixed,pre-test fixed,Post,
144,Module 2,Lesson 4,Unit 2.4.a - Conditional Probability,Problem,Adapt 144,Urn 1,Reg,,post-test adpt,post-test adpt,Pre,
145,Module 2,Lesson 4,Unit 2.4.a - Conditional Probability,Problem,Adapt 145,Urn 2,Reg,,post-test adpt,post-test adpt,Post,
146,Module 2,Lesson 4,Unit 2.4.a - Conditional Probability,Problem,Adapt 146,Urn 3,Reg,,post-test fixed,Module 2,Module 3,
147,Module 2,Lesson 4,Unit 2.4.a - Conditional Probability,Problem,Adapt 147,Urn 4,Reg,,Module 2,post-test adpt,Post,
148,Module 3,Lesson 1,Unit 3.1.b - Discrete Random Variables,Problem,Adapt 148,Discrete 1,Easy,,Module 3,post-test adpt,Module 3,
149,Module 3,Lesson 1,Unit 3.1.b - Discrete Random Variables,Problem,Adapt 149,Discrete 2,Easy,,Module 3,pre-test adpt,Post,
15,Module 1,Lesson 1,Unit 1.1.a - Types of Data,Problem,Adapt 15,Percentage data type 1,Easy,,Module 1,post-test adpt,Pre & Post,
150,Module 3,Lesson 1,Unit 3.1.b - Discrete Random Variables,Problem,Adapt 150,Discrete 3,Easy,,Module 3,post-test adpt,Final,
151,Module 3,Lesson 1,Unit 3.1.c - Continuous Random Variables,Problem,Adapt 151,Continuous 1,Reg,,Module 3,post-test adpt,Pre,
152,Module 3,Lesson 1,Unit 3.1.b - Discrete Random Variables,Problem,Adapt 152,Discrete 4,Easy,,Module 3,pre-test fixed,Module 4,
153,Module 3,Lesson 1,Unit 3.1.c - Continuous Random Variables,Problem,Adapt 153,Continuous 2,Easy,,Module 3,post-test fixed,Pre,Not on final in course but need to cover this objective
154,Module 3,Lesson 1,Unit 3.1.c - Continuous Random Variables,Problem,Adapt 154,Continuous 3,Easy,,Module 3,Module 3,Pre,
155,Module 3,Lesson 1,Unit 3.1.c - Continuous Random Variables,Problem,Adapt 155,Continuous 4,Easy,,Module 3,Module 3,Post,
156,Module 3,Lesson 1,Unit 3.1.c - Continuous Random Variables,Problem,Adapt 156,Continuous 5,Reg,,Module 3,Module 3,Pre,
157,Module 3,Lesson 1,Unit 3.1.b - Discrete Random Variables,Problem,Adapt 157,Discrete 5,Easy,,Module 3,Module 3,Post,
158,Module 3,Lesson 1,Unit 3.1.b - Discrete Random Variables,Problem,Adapt 158,Discrete 6,Easy,,Module 3,Module 3,Pre,
159,Module 3,Lesson 6,Unit 3.6.a - Definition of Normal Random Variable,Problem,Adapt 159,RandomVar_Peanuts,Easy,,Module 3,Module 3,Final,
16,Module 1,Lesson 5,Unit 1.5.a - Nominal Data and Ordinal Data,Problem,Adapt 16,Percentage data type 2,Easy,,Module 1,pre-test fixed,Post,
160,Module 3,Lesson 6,Unit 3.6.a - Definition of Normal Random Variable,Problem,Adapt 160,RandomVar_Chocolate,Easy,,Module 3,Module 3,Module 4,
161,Module 3,Lesson 6,Unit 3.6.a - Definition of Normal Random Variable,Problem,Adapt 161,RandomVar_Broccoli,Easy,,Module 3,post-test adpt,Pre,
162,Module 3,Lesson 2,Unit 3.2.a - Finding the Mean of a Discrete Random Variable,Problem,Adapt 162,Discrete Mean Die 1,Reg,,post-test adpt,Module 3,Post,
163,Module 3,Lesson 2,Unit 3.2.a - Finding the Mean of a Discrete Random Variable,Problem,Adapt 163,Discrete Mean Die 2,Reg,,Module 3,post-test fixed,Module 4,
164,Module 3,Lesson 2,Unit 3.2.a - Finding the Mean of a Discrete Random Variable,Problem,Adapt 164,Discrete Mean Die 3,Reg,,Module 3,post-test adpt,Post,
165,Module 3,Lesson 2,Unit 3.2.a - Finding the Mean of a Discrete Random Variable,Problem,Adapt 165,Discrete Mean Dist 1,Easy,,post-test fixed,post-test adpt,Module 4,
166,Module 3,Lesson 2,Unit 3.2.a - Finding the Mean of a Discrete Random Variable,Problem,Adapt 166,Discrete Mean Dist 2,Easy,,post-test adpt,post-test adpt,Final,
167,Module 3,Lesson 2,Unit 3.2.a - Finding the Mean of a Discrete Random Variable,Problem,Adapt 167,Discrete Mean Dist 3,Easy,,Module 3,Module 3,Pre,
168,Module 3,Lesson 2,Unit 3.2.b - Finding the Variance and Standard Deviation of a Discrete Random Variable,Problem,Adapt 168,Discrete Var 1,Reg,,pre-test adpt,Module 3,Pre,
169,Module 3,Lesson 2,Unit 3.2.b - Finding the Variance and Standard Deviation of a Discrete Random Variable,Problem,Adapt 169,Discrete StdDev 1,Reg,,Module 3,Module 3,Post,
17,Module 1,Lesson 2,Unit 1.2.b - Types of Histograms and Skewness,Problem,Adapt 17,Skewness,Easy,,Module 1,post-test fixed,Pre,Include in all conditions
170,Module 3,Lesson 2,Unit 3.2.b - Finding the Variance and Standard Deviation of a Discrete Random Variable,Problem,Adapt 170,Discrete Var 2,Reg,,Module 3,post-test adpt,Pre,
171,Module 3,Lesson 2,Unit 3.2.b - Finding the Variance and Standard Deviation of a Discrete Random Variable,Problem,Adapt 171,Discrete StdDev 2,Reg,,pre-test fixed,pre-test fixed,Post,
172,Module 3,Lesson 2,Unit 3.2.b - Finding the Variance and Standard Deviation of a Discrete Random Variable,Problem,Adapt 172,Discrete Var 3,Reg,,Module 3,post-test adpt,Post,
173,Module 3,Lesson 2,Unit 3.2.b - Finding the Variance and Standard Deviation of a Discrete Random Variable,Problem,Adapt 173,Discrete StdDev 3,Reg,,Module 3,Module 3,Module 4,
174,Module 3,Lesson 2,Unit 3.2.a - Finding the Mean of a Discrete Random Variable,Problem,Adapt 174,Discrete Mean 7,Reg,,Module 3,Module 3,Module 4,
175,Module 3,Lesson 2,Unit 3.2.b - Finding the Variance and Standard Deviation of a Discrete Random Variable,Problem,Adapt 175,Discrete Var 4,Reg,,Module 3,pre-test adpt,Post,
176,Module 3,Lesson 2,Unit 3.2.b - Finding the Variance and Standard Deviation of a Discrete Random Variable,Problem,Adapt 176,Discrete StdDev4,Reg,,Module 3,post-test adpt,Final,
177,Module 3,Lesson 3,Unit 3.3.a - Mean of Sum of Random Variables,Problem,Adapt 177,Sum Expected 1,Easy,,Module 3,Module 3,Post,
178,Module 3,Lesson 3,Unit 3.3.a - Mean of Sum of Random Variables,Problem,Adapt 178,Sum Expected 2,Easy,,Module 3,post-test fixed,Module 4,Include in all conditions
179,Module 3,Lesson 3,Unit 3.3.a - Mean of Sum of Random Variables,Problem,Adapt 179,Sum Expected 3,Easy,,Module 3,post-test adpt,Pre,
18,Module 1,Lesson 2,Unit 1.2.b - Types of Histograms and Skewness,Problem,Adapt 18,IBM skewness,Easy,,Module 1,Module 1,Post,
180,Module 3,Lesson 4,Unit 3.4.b - Binomial Probabilities,Problem,Adapt 180,Binomial Prob 1,Reg,,Module 3,Module 3,Post,
181,Module 3,Lesson 4,Unit 3.4.b - Binomial Probabilities,Problem,Adapt 181,Binomial Prob 2,Reg,,Module 3,Module 3,Final,
182,Module 3,Lesson 4,Unit 3.4.b - Binomial Probabilities,Problem,Adapt 182,Binomial Prob 3,Reg,,Module 3,post-test adpt,Pre,
183,Module 3,Lesson 4,Unit 3.4.a - Binomial Random Variable,Problem,Adapt 183,Wrong Penalty 1,Easy,,pre-test adpt,pre-test adpt,Module 4,
184,Module 3,Lesson 4,Unit 3.4.a - Binomial Random Variable,Problem,Adapt 184,Wrong Penalty 2,Easy,,Module 3,Module 3,Pre,
185,Module 3,Lesson 4,Unit 3.4.a - Binomial Random Variable,Problem,Adapt 185,Wrong Penalty 3,Easy,,post-test adpt,post-test adpt,Post,
186,Module 3,Lesson 4,Unit 3.4.a - Binomial Random Variable,Problem,Adapt 186,Cell Phone 1,Reg,,Module 3,Module 3,Final,
187,Module 3,Lesson 4,Unit 3.4.a - Binomial Random Variable,Problem,Adapt 187,Cell Phone 2,Reg,,Module 3,post-test fixed,Pre,
188,Module 3,Lesson 4,Unit 3.4.a - Binomial Random Variable,Problem,Adapt 188,Cell Phone 3,Reg,,Module 3,pre-test adpt,Post,
189,Module 3,Lesson 4,Unit 3.4.a - Binomial Random Variable,Problem,Adapt 189,NCAA 1,Reg,,post-test fixed,post-test adpt,Post,
19,Module 1,Lesson 3,"Unit 1.3.a - Computing Mean, Median, Variance, and Standard Deviation",Problem,Adapt 19,Largest returns,Easy,,Module 1,pre-test adpt,Post,
190,Module 3,Lesson 4,Unit 3.4.a - Binomial Random Variable,Problem,Adapt 190,NCAA 2,Reg,,Module 3,post-test adpt,Pre,
191,Module 3,Lesson 4,Unit 3.4.a - Binomial Random Variable,Problem,Adapt 191,NCAA 3,Reg,,Module 3,Module 3,Post,
192,Module 3,Lesson 4,Unit 3.4.a - Binomial Random Variable,Problem,Adapt 192,Internet 1,Difficult,,pre-test fixed,pre-test fixed,Pre,
193,Module 3,Lesson 4,Unit 3.4.a - Binomial Random Variable,Problem,Adapt 193,Internet 2,Difficult,,Module 3,Module 3,Pre,
194,Module 3,Lesson 4,Unit 3.4.a - Binomial Random Variable,Problem,Adapt 194,Internet 3,Difficult,,post-test adpt,post-test adpt,Pre,
195,Module 3,Lesson 5,Unit 3.5.b - Poisson Probabilities,Problem,Adapt 195,Bankruptcy 1,Easy,,Module 3,Module 3,Module 4,
196,Module 3,Lesson 5,Unit 3.5.b - Poisson Probabilities,Problem,Adapt 196,Bankruptcy 2,Reg,,Module 3,post-test fixed,Post,
197,Module 3,Lesson 5,Unit 3.5.b - Poisson Probabilities,Problem,Adapt 197,Bankruptcy 3,Reg,,post-test adpt,post-test adpt,Post,
198,Module 3,Lesson 5,Unit 3.5.b - Poisson Probabilities,Problem,Adapt 198,Service Call 1,Easy,,Module 3,Module 3,Final,
199,Module 3,Lesson 5,Unit 3.5.b - Poisson Probabilities,Problem,Adapt 199,Service Call 2,Reg,,Module 3,Module 3,Module 4,
2,Module 1,Lesson 5,Unit 1.5.a - Nominal Data and Ordinal Data,Problem,Adapt 2,Class data type 2,Easy,,pre-test fixed,Module 1,Module 3,
20,Module 1,Lesson 3,"Unit 1.3.a - Computing Mean, Median, Variance, and Standard Deviation",Problem,Adapt 20,Average returns Intel,Easy,,Module 1,post-test adpt,Pre,
200,Module 3,Lesson 5,Unit 3.5.b - Poisson Probabilities,Problem,Adapt 200,Service Call 3,Easy,,Module 3,Module 3,Pre,
201,Module 3,Lesson 5,Unit 3.5.b - Poisson Probabilities,Problem,Adapt 201,Army 1,Easy,,post-test fixed,pre-test adpt,Pre,
202,Module 3,Lesson 5,Unit 3.5.b - Poisson Probabilities,Problem,Adapt 202,Army 2,Easy,,Module 3,post-test adpt,Post,
203,Module 3,Lesson 5,Unit 3.5.b - Poisson Probabilities,Problem,Adapt 203,Army 3,Easy,,pre-test adpt,pre-test adpt,Post,
204,Module 3,Lesson 5,Unit 3.5.b - Poisson Probabilities,Problem,Adapt 204,Meteor 1,Easy,,pre-test fixed,pre-test fixed,Pre & Post,
205,Module 3,Lesson 5,Unit 3.5.b - Poisson Probabilities,Problem,Adapt 205,Meteor 2,Easy,,post-test adpt,post-test adpt,Pre,
206,Module 3,Lesson 5,Unit 3.5.b - Poisson Probabilities,Problem,Adapt 206,Meteor 3,Easy,,Module 3,Module 3,Pre,
207,Module 3,Lesson 6,Unit 3.6.b - NORM.DIST and NORM.INV Functions,Problem,Adapt 207,Bread Less 1,Easy,,pre-test fixed,Module 3,Post,
208,Module 3,Lesson 6,Unit 3.6.b - NORM.DIST and NORM.INV Functions,Problem,Adapt 208,Bread Less 2,Easy,,pre-test adpt,pre-test adpt,Pre,
209,Module 3,Lesson 6,Unit 3.6.b - NORM.DIST and NORM.INV Functions,Problem,Adapt 209,Bread Less 3,Easy,,Module 3,Module 3,Post,
21,Module 1,Lesson 3,"Unit 1.3.a - Computing Mean, Median, Variance, and Standard Deviation",Problem,Adapt 21,Negative average return,Easy,,pre-test fixed,pre-test adpt,Final,
210,Module 3,Lesson 6,Unit 3.6.b - NORM.DIST and NORM.INV Functions,Problem,Adapt 210,Bread Range 1,Reg,,Module 3,post-test fixed,Pre,
211,Module 3,Lesson 6,Unit 3.6.b - NORM.DIST and NORM.INV Functions,Problem,Adapt 211,Bread Range 2,Difficult,,Module 3,Module 3,Post,
212,Module 3,Lesson 6,Unit 3.6.b - NORM.DIST and NORM.INV Functions,Problem,Adapt 212,Bread Range 3,Reg,,Module 3,Module 3,Module 4,
213,Module 3,Lesson 6,Unit 3.6.b - NORM.DIST and NORM.INV Functions,Problem,Adapt 213,Bread Greater 1,Reg,,Module 3,post-test adpt,Pre,
214,Module 3,Lesson 6,Unit 3.6.b - NORM.DIST and NORM.INV Functions,Problem,Adapt 214,Bread Greater 2,Reg,,Module 3,Module 3,Post,
215,Module 3,Lesson 6,Unit 3.6.b - NORM.DIST and NORM.INV Functions,Problem,Adapt 215,Bread Greater 3,Reg,,Module 3,post-test adpt,Post,
216,Module 3,Lesson 6,Unit 3.6.b - NORM.DIST and NORM.INV Functions,Problem,Adapt 216,Bread Greater 4,Reg,,Module 3,Module 3,Pre,
217,Module 3,Lesson 6,Unit 3.6.b - NORM.DIST and NORM.INV Functions,Problem,Adapt 217,Bread % Less 1,Reg,,Module 3,Module 3,Module 4,
218,Module 3,Lesson 6,Unit 3.6.b - NORM.DIST and NORM.INV Functions,Problem,Adapt 218,Bread % Less 2,Reg,,post-test adpt,post-test adpt,Module 5,
219,Module 3,Lesson 6,Unit 3.6.b - NORM.DIST and NORM.INV Functions,Problem,Adapt 219,Bread % Less 3,Reg,,Module 3,post-test adpt,Post,
22,Module 1,Lesson 3,"Unit 1.3.a - Computing Mean, Median, Variance, and Standard Deviation",Problem,Adapt 22,Most variable,Easy,,post-test fixed,post-test adpt,Module 1,
220,Module 3,Lesson 8,Unit 3.8.b - Computation of Z Scores,Problem,Adapt 220,Z-score basic 1,Easy,,post-test fixed,Module 3,Post,
221,Module 3,Lesson 8,Unit 3.8.b - Computation of Z Scores,Problem,Adapt 221,Z-score basic 2,Easy,,Module 3,Module 3,Post,
222,Module 3,Lesson 8,Unit 3.8.b - Computation of Z Scores,Problem,Adapt 222,Z-score basic 3,Easy,,Module 3,Module 3,Pre,
223,Module 3,Lesson 8,Unit 3.8.b - Computation of Z Scores,Problem,Adapt 223,NormDist 1,Reg,,Module 3,post-test fixed,Post,
224,Module 3,Lesson 8,Unit 3.8.b - Computation of Z Scores,Problem,Adapt 224,NormDist 2,Reg,,pre-test fixed,pre-test fixed,Module 5,
225,Module 3,Lesson 8,Unit 3.8.b - Computation of Z Scores,Problem,Adapt 225,NormDist 3,Reg,,Module 3,pre-test adpt,Pre,
226,Module 3,Lesson 8,Unit 3.8.b - Computation of Z Scores,Problem,Adapt 226,TestScore 1,Reg,,Module 3,Module 3,Pre,
227,Module 3,Lesson 8,Unit 3.8.b - Computation of Z Scores,Problem,Adapt 227,TestScore 2,Reg,,post-test adpt,post-test adpt,Post,
228,Module 3,Lesson 8,Unit 3.8.b - Computation of Z Scores,Problem,Adapt 228,TestScore 3,Reg,,post-test adpt,post-test adpt,Pre,
229,Module 3,Lesson 6,"Unit 3.6.b - NORM.DIST and NORM.INV Functions & Unit 3.2.a - Finding the Mean of a Discrete Random Variable Unit 3.2.b - Finding the Variance and Standard Deviation of a Discrete ",Problem,Adapt 229,Expected Prob 1,Difficult,,Module 3,pre-test fixed,Post,
23,Module 1,Lesson 3,"Unit 1.3.a - Computing Mean, Median, Variance, and Standard Deviation",Problem,Adapt 23,Least variable,Easy,,Module 1,Module 1,Module 2,
230,Module 3,Lesson 6,"Unit 3.6.b - NORM.DIST and NORM.INV Functions & Unit 3.2.a - Finding the Mean of a Discrete Random Variable Unit 3.2.b - Finding the Variance and Standard Deviation of a Discrete ",Problem,Adapt 230,Expected Prob 2,Difficult,,Module 3,Module 3,Post,
231,Module 3,Lesson 6,"Unit 3.6.b - NORM.DIST and NORM.INV Functions & Unit 3.2.a - Finding the Mean of a Discrete Random Variable Unit 3.2.b - Finding the Variance and Standard Deviation of a Discrete ",Problem,Adapt 231,Expected Prob 3,Difficult,,Module 3,Module 3,Pre,
232,Module 3,Lesson 6,Unit 3.6.b - NORM.DIST and NORM.INV Functions,Problem,Adapt 232,Sugar 1,Reg,,post-test adpt,post-test adpt,Post,
233,Module 3,Lesson 6,Unit 3.6.b - NORM.DIST and NORM.INV Functions,Problem,Adapt 233,Sugar 2,Reg,,post-test fixed,Module 3,Final,
234,Module 3,Lesson 6,Unit 3.6.b - NORM.DIST and NORM.INV Functions,Problem,Adapt 234,Sugar 3,Difficult,,Module 3,Module 3,Pre,
235,Module 4,Lesson 1,Unit 4.1.d - Problems in Sampling,Problem,Adapt 235,Bias 1,Reg,,Module 4,post-test fixed,Final,Include in all conditions
236,Module 4,Lesson 1,Unit 4.1.d - Problems in Sampling,Problem,Adapt 236,Bias 2,Difficult,,Module 4,Module 4,Pre,
237,Module 4,Lesson 1,Unit 4.1.d - Problems in Sampling,Problem,Adapt 237,Bias 3,Difficult,,Module 4,pre-test fixed,Module 5,
238,Module 4,Lesson 1,Unit 4.1.d - Problems in Sampling,Problem,Adapt 238,Bias 4,Reg,,Module 4,pre-test adpt,Post,
239,Module 4,Lesson 2,Unit 4.1.d - Problems in Sampling,Problem,Adapt 239,Bias 5,Reg,,Module 4,pre-test adpt,Pre,
24,Module 1,Lesson 3,"Unit 1.3.a - Computing Mean, Median, Variance, and Standard Deviation",Problem,Adapt 24,3M SD,Easy,,post-test adpt,pre-test adpt,Post,
240,Module 4,Lesson 2,"Unit 4.2.a - Mean, Variance and Standard Deviation of Sample Mean (Xbar)",Problem,Adapt 240,Pt Est_SD 1,Easy,,Module 4,pre-test adpt,Module 1,
241,Module 4,Lesson 2,"Unit 4.2.a - Mean, Variance and Standard Deviation of Sample Mean (Xbar)",Problem,Adapt 241,Pt Est_SD 2,Easy,,Module 4,Module 4,Post,
242,Module 4,Lesson 2,"Unit 4.2.a - Mean, Variance and Standard Deviation of Sample Mean (Xbar)",Problem,Adapt 242,Pt Est_SD 3,Easy,,Module 4,post-test adpt,Module 5,
243,Module 4,Lesson 2,Unit 4.2.c - Estimate Population Proportion using P-hat,Problem,Adapt 243,Pt Est_phat 1 ,Reg,,Module 4,pre-test fixed,Post,
244,Module 4,Lesson 2,Unit 4.2.c - Estimate Population Proportion using P-hat,Problem,Adapt 244,Pt Est_phat 2,Reg,,Module 4,Module 4,Post,
245,Module 4,Lesson 2,Unit 4.2.c - Estimate Population Proportion using P-hat,Problem,Adapt 245,Pt Est_phat 3,Reg,,Module 4,Module 4,Post,
246,Module 4,Lesson 3,Unit 4.3.a - Standard Normal and the .S Functions,Problem,Adapt 246,Drink 1,Reg,,Module 4,post-test fixed,Pre,Include in all conditions
247,Module 4,Lesson 3,Unit 4.3.a - Standard Normal and the .S Functions,Problem,Adapt 247,Drink 2,Reg,,pre-test adpt,Module 4,Pre,
248,Module 4,Lesson 3,Unit 4.3.a - Standard Normal and the .S Functions,Problem,Adapt 248,Drink 3,Reg,,Module 4,post-test adpt,Module 5,
249,Module 4,Lesson 2,"Unit 4.2.a - Mean, Variance and Standard Deviation of Sample Mean (Xbar)",Problem,Adapt 249,x-bar 1,Easy,,Module 4,pre-test fixed,Pre,
25,Module 1,Lesson 3,"Unit 1.3.a - Computing Mean, Median, Variance, and Standard Deviation",Problem,Adapt 25,GE SD,Easy,,Module 1,post-test adpt,Pre,
250,Module 4,Lesson 2,"Unit 4.2.a - Mean, Variance and Standard Deviation of Sample Mean (Xbar)",Problem,Adapt 250,x-bar SD 1,Reg,,Module 4,Module 4,Pre,
251,Module 4,Lesson 2,"Unit 4.2.a - Mean, Variance and Standard Deviation of Sample Mean (Xbar)",Problem,Adapt 251,x-bar 2,Easy,,Module 4,Module 4,Pre,
252,Module 4,Lesson 2,"Unit 4.2.a - Mean, Variance and Standard Deviation of Sample Mean (Xbar)",Problem,Adapt 252,x-bar SD 2,Reg,,Module 4,post-test fixed,Post,
253,Module 4,Lesson 2,"Unit 4.2.a - Mean, Variance and Standard Deviation of Sample Mean (Xbar)",Problem,Adapt 253,x-bar 3,Easy,,Module 4,pre-test adpt,Pre,
254,Module 4,Lesson 2,"Unit 4.2.a - Mean, Variance and Standard Deviation of Sample Mean (Xbar)",Problem,Adapt 254,x-bar SD 3,Reg,,pre-test adpt,post-test adpt,Pre,
255,Module 4,Lesson 4,Unit 4.4.a - Confidence Interval for Population Mean,Problem,Adapt 255,Audit CI 1,Easy,,Module 4,Module 4,Pre & Post,
256,Module 4,Lesson 4,Unit 4.4.a - Confidence Interval for Population Mean,Problem,Adapt 256,Audit CI 2,Easy,,Module 4,Module 4,Post,
257,Module 4,Lesson 4,Unit 4.4.a - Confidence Interval for Population Mean,Problem,Adapt 257,Audit CI 3,Easy,,post-test adpt,post-test adpt,Post,
258,Module 4,Lesson 4,Unit 4.4.a - Confidence Interval for Population Mean,Problem,Adapt 258,Commute CI 1,Easy,,Module 4,pre-test fixed,Module 5,
259,Module 4,Lesson 4,Unit 4.4.a - Confidence Interval for Population Mean,Problem,Adapt 259,Commute CI 2,Reg,,Module 4,post-test fixed,Post,
26,Module 1,Lesson 3,"Unit 1.3.a - Computing Mean, Median, Variance, and Standard Deviation",Problem,Adapt 26,IBM SD,Easy,,Module 1,Module 1,Post,
260,Module 4,Lesson 4,Unit 4.4.a - Confidence Interval for Population Mean,Problem,Adapt 260,Commute CI 3,Reg,,Module 4,Module 4,Post,
261,Module 4,Lesson 4,Unit 4.4.a - Confidence Interval for Population Mean,Problem,Adapt 261,DeptStore CI 1,Reg,,Module 4,pre-test adpt,Post,
262,Module 4,Lesson 4,Unit 4.4.a - Confidence Interval for Population Mean,Problem,Adapt 262,DeptStore CI 2,Reg,,Module 4,post-test adpt,Pre,
263,Module 4,Lesson 4,Unit 4.4.a - Confidence Interval for Population Mean,Problem,Adapt 263,DeptStore CI 3,Reg,,Module 4,Module 4,Post,
264,Module 4,Lesson 4,Unit 4.4.c - Confidence Interval for Population Proportion,Problem,Adapt 264,Free Throws p-hat CI 1,Reg,,Module 4,Module 4,Module 5,
265,Module 4,Lesson 4,Unit 4.4.c - Confidence Interval for Population Proportion,Problem,Adapt 265,Free Throws p-hat CI 2,Reg,,Module 4,Module 4,Post,
266,Module 4,Lesson 4,Unit 4.4.c - Confidence Interval for Population Proportion,Problem,Adapt 266,Free Throws p-hat CI 3,Reg,,pre-test fixed,post-test adpt,Pre,
267,Module 4,Lesson 4,Unit 4.4.c - Confidence Interval for Population Proportion,Problem,Adapt 267,Chips p-hat CI 1,Reg,,Module 4,Module 4,Final,
268,Module 4,Lesson 4,Unit 4.4.c - Confidence Interval for Population Proportion,Problem,Adapt 268,Chips p-hat CI 2,Reg,,pre-test adpt,pre-test adpt,Post,
269,Module 4,Lesson 4,Unit 4.4.c - Confidence Interval for Population Proportion,Problem,Adapt 269,Chips p-hat CI 3,Reg,,Module 4,Module 4,Pre,
27,Module 1,Lesson 3,"Unit 1.3.a - Computing Mean, Median, Variance, and Standard Deviation",Problem,Adapt 27,3M outliers,Reg,,Module 1,post-test fixed,Pre,
270,Module 4,Lesson 4,Unit 4.6.a - Finite Correction Formula for Estimating Population,Problem,Adapt 270,FC1,Reg,,Module 4,pre-test fixed,Pre,
271,Module 4,Lesson 4,Unit 4.6.a - Finite Correction Formula for Estimating Population,Problem,Adapt 271,FC2,Reg,,Module 4,Module 4,Pre & Post,
272,Module 4,Lesson 4,Unit 4.6.a - Finite Correction Formula for Estimating Population,Problem,Adapt 272,FC3,Reg,,Module 4,Module 4,Pre & Post,
273,Module 4,Lesson 5,Unit 4.5.a - Sample Size for Estimating Population Mean,Problem,Adapt 273,Salary sample size 1,Reg,,pre-test adpt,post-test fixed,Post,
274,Module 4,Lesson 5,Unit 4.5.a - Sample Size for Estimating Population Mean,Problem,Adapt 274,Salary sample size 2,Reg,,post-test adpt,Module 4,Pre,
275,Module 4,Lesson 5,Unit 4.5.a - Sample Size for Estimating Population Mean,Problem,Adapt 275,Salary sample size 3,Reg,,pre-test fixed,pre-test fixed,Post,
276,Module 4,Lesson 5,Unit 4.5.a - Sample Size for Estimating Population Mean,Problem,Adapt 276,Soda sample size 1,Difficult,,Module 4,post-test adpt,Module 5,
277,Module 4,Lesson 5,Unit 4.5.a - Sample Size for Estimating Population Mean,Problem,Adapt 277,Soda sample size 2,Difficult,,Module 4,pre-test adpt,Post,
278,Module 4,Lesson 5,Unit 4.5.a - Sample Size for Estimating Population Mean,Problem,Adapt 278,Soda sample size 3,Difficult,,post-test fixed,Module 4,Pre,
279,Module 4,Lesson 5,Unit 4.5.b - Sample Size for Estimating a Population Proportion,Problem,Adapt 279,Sample Size Proportions 1,Reg,,Module 4,pre-test adpt,Post,
28,Module 1,Lesson 3,Unit 1.3.c - Rule of Thumb and Identifying Outliers,Problem,Adapt 28,Intel outliers,Reg,,Module 1,pre-test adpt,Pre,
280,Module 4,Lesson 5,Unit 4.5.b - Sample Size for Estimating a Population Proportion,Problem,Adapt 280,Sample Size Proportions 2,Reg,,Module 4,Module 4,Module 5,
281,Module 4,Lesson 5,Unit 4.5.b - Sample Size for Estimating a Population Proportion,Problem,Adapt 281,Sample Size Proportions 3,Reg,,post-test adpt,post-test adpt,Pre,
282,Module 4,Lesson 6,Unit 4.6.a - Finite Correction Formula for Estimating Population,Problem,Adapt 282,Sample Size with FC1,Reg,,post-test adpt,post-test fixed,Module 1,
283,Module 4,Lesson 6,Unit 4.6.a - Finite Correction Formula for Estimating Population,Problem,Adapt 283,Sample Size with FC2,Reg,,pre-test fixed,Module 4,Module 5,
284,Module 4,Lesson 6,Unit 4.6.a - Finite Correction Formula for Estimating Population,Problem,Adapt 284,Sample Size with FC3,Reg,,Module 4,Module 4,Final,
285,Module 4,Lesson 6,Unit 4.6.b - Sample Size and the Finite Correction Factor,Problem,Adapt 285,Sample Size with FC4,Difficult,,post-test adpt,post-test adpt,Pre,
286,Module 4,Lesson 6,Unit 4.6.b - Sample Size and the Finite Correction Factor,Problem,Adapt 286,Sample Size with FC5,Difficult,,post-test fixed,pre-test fixed,Post,
287,Module 4,Lesson 6,Unit 4.6.b - Sample Size and the Finite Correction Factor,Problem,Adapt 287,Sample Size with FC6,Difficult,,pre-test adpt,pre-test adpt,Pre,
288,Module 4,Lesson 4,Unit 4.4.a - Confidence Interval for Population Mean,Problem,Adapt 288,Lower Bound 1,Difficult,,post-test fixed,Module 4,Post,
289,Module 4,Lesson 4,Unit 4.4.a - Confidence Interval for Population Mean,Problem,Adapt 289,Lower Bound 2,Difficult,,Module 4,pre-test adpt,Module 5,
29,Module 1,Lesson 3,Unit 1.3.c - Rule of Thumb and Identifying Outliers,Problem,Adapt 29,GE outliers,Reg,,Module 1,Module 1,Pre,
290,Module 4,Lesson 4,Unit 4.4.a - Confidence Interval for Population Mean,Problem,Adapt 290,Lower Bound 3,Difficult,,Module 4,post-test adpt,Pre,
291,Module 4,Lesson 4,Unit 4.4.a - Confidence Interval for Population Mean,Problem,Adapt 291,Upper Bound 1,Difficult,,Module 4,Module 4,Post,
292,Module 4,Lesson 4,Unit 4.4.a - Confidence Interval for Population Mean,Problem,Adapt 292,Upper Bound 2,Difficult,,post-test adpt,Module 4,Pre,
293,Module 4,Lesson 4,Unit 4.4.a - Confidence Interval for Population Mean,Problem,Adapt 293,Upper Bound 3,Difficult,,Module 4,Module 4,Pre,
294,Module 5,Lesson 2,Unit 5.2.a - Type I and Type II Error,Problem,Adapt 294,Type 1 error 1,Difficult,,Module 5,pre-test fixed,Pre,
295,Module 5,Lesson 2,Unit 5.2.a - Type I and Type II Error,Problem,Adapt 295,Type 1 error 2,Difficult,,Module 5,Module 5,Pre,
296,Module 5,Lesson 2,Unit 5.2.a - Type I and Type II Error,Problem,Adapt 296,Type 1 error 3,Difficult,,Module 5,post-test adpt,Post,
297,Module 5,Lesson 2,Unit 5.2.a - Type I and Type II Error,Problem,Adapt 297,Error ID 1,Reg,,Module 5,post-test fixed,Module 5,
298,Module 5,Lesson 2,Unit 5.2.a - Type I and Type II Error,Problem,Adapt 298,Error Prob 1,Easy,,Module 5,pre-test fixed,Pre,
299,Module 5,Lesson 2,Unit 5.2.a - Type I and Type II Error,Problem,Adapt 299,Error ID 2,Reg,,Module 5,Module 5,Post,
3,Module 1,Lesson 1,Unit 1.1.a - Types of Data,Problem,Adapt 3,Light bulb data type 1,Easy,,Module 1,pre-test adpt,Post,
30,Module 1,Lesson 3,Unit 1.3.c - Rule of Thumb and Identifying Outliers,Problem,Adapt 30,IBM outliers,Reg,,Module 1,post-test adpt,Post,
300,Module 5,Lesson 2,Unit 5.2.a - Type I and Type II Error,Problem,Adapt 300,Error ID 3,Reg,,Module 5,pre-test adpt,Post,
301,Module 5,Lesson 2,Unit 5.2.a - Type I and Type II Error,Problem,Adapt 301,Error Prob 2,Easy,,Module 5,post-test adpt,Pre,
302,Module 5,Lesson 2,Unit 5.2.a - Type I and Type II Error,Problem,Adapt 302,Error ID Dec 1,Reg,,Module 5,pre-test adpt,Post,
303,Module 5,Lesson 2,Unit 5.2.a - Type I and Type II Error,Problem,Adapt 303,Error ID Dec 2,Reg,,pre-test fixed,post-test adpt,Post,
304,Module 5,Lesson 2,Unit 5.2.a - Type I and Type II Error,Problem,Adapt 304,Error ID Dec 3,Reg,,Module 5,Module 5,Module 5,
305,Module 5,Lesson 2,Unit 5.2.a - Type I and Type II Error,Problem,Adapt 305,Error ID Scenario 1,Reg,,Module 5,Module 5,Pre,
306,Module 5,Lesson 2,Unit 5.2.a - Type I and Type II Error,Problem,Adapt 306,Error ID Scenario 2,Reg,,Module 5,pre-test adpt,Post,
307,Module 5,Lesson 1,Unit 5.1.a - Defining Hypothesis Testing - Null and Alternative Hypotheses,Problem,Adapt 307,Hypo ID 1,Easy,,Module 5,post-test adpt,Post,
308,Module 5,Lesson 1,Unit 5.1.a - Defining Hypothesis Testing - Null and Alternative Hypotheses,Problem,Adapt 308,Hypo ID 2,Easy,,Module 5,pre-test fixed,Module 5,
309,Module 5,Lesson 1,Unit 5.1.a - Defining Hypothesis Testing - Null and Alternative Hypotheses,Problem,Adapt 309,Hypo ID 3,Easy,,Module 5,pre-test adpt,Pre,
31,Module 1,Lesson 3,"Unit 1.3.d - Computing Average, Median, Variance, Standard Deviation, and Skewness",Problem,Adapt 31,GE 95th%,Reg,,Module 1,Module 1,Post,
310,Module 5,Lesson 1,Unit 5.1.a - Defining Hypothesis Testing - Null and Alternative Hypotheses,Problem,Adapt 310,Hypo ID 4,Easy,,Module 5,post-test fixed,Post,Include in all conditions (not on final but need to cover this objective)
311,Module 5,Lesson 3,Unit 5.3.b - Critical Region,Problem,Adapt 311,Mail z-test lower 1,Reg,,post-test adpt,post-test fixed,Pre,
312,Module 5,Lesson 3,Unit 5.3.c - P-Values,Problem,Adapt 312,Mail z-test lower int 1,Reg,,Module 5,Module 5,Module 5,
313,Module 5,Lesson 3,Unit 5.3.b - Critical Region,Problem,Adapt 313,Mail z-test lower 2,Reg,,Module 5,Module 5,Pre,
314,Module 5,Lesson 3,Unit 5.3.c - P-Values,Problem,Adapt 314,Mail z-test lower int 2,Reg,,Module 5,post-test adpt,Pre,
315,Module 5,Lesson 3,Unit 5.3.b - Critical Region,Problem,Adapt 315,Mail z-test lower 3,Difficult,,post-test fixed,pre-test fixed,Pre,
316,Module 5,Lesson 3,Unit 5.3.c - P-Values,Problem,Adapt 316,Mail z-test lower int 3,Difficult,,Module 5,Module 5,Post,
317,Module 5,Lesson 3,Unit 5.3.b - Critical Region,Problem,Adapt 317,Mail z-test lower 2,Difficult,,Module 5,Module 5,Pre,
318,Module 5,Lesson 3,Unit 5.3.c - P-Values,Problem,Adapt 318,Mail z-test lower int 2,Difficult,,Module 5,Module 5,Pre,
319,Module 5,Lesson 3,Unit 5.3.b - Critical Region,Problem,Adapt 319,Sauce z-test upper 1,Reg,,Module 5,Module 5,Post,
32,Module 1,Lesson 3,"Unit 1.3.d - Computing Average, Median, Variance, Standard Deviation, and Skewness",Problem,Adapt 32,3M 95th%,Reg,,post-test adpt,Module 1,Pre,
320,Module 5,Lesson 3,Unit 5.3.c - P-Values,Problem,Adapt 320,Sauce z-test upper int 1,Reg,,Module 5,Module 5,Post,
321,Module 5,Lesson 3,Unit 5.3.b - Critical Region,Problem,Adapt 321,Sauce z-test upper 2,Difficult,,Module 5,post-test adpt,Pre,
322,Module 5,Lesson 3,Unit 5.3.c - P-Values,Problem,Adapt 322,Sauce z-test upper int 2,Difficult,,Module 5,Module 5,Pre & Post,
323,Module 5,Lesson 3,Unit 5.3.b - Critical Region,Problem,Adapt 323,Sauce z-test upper 3,Difficult,,post-test adpt,post-test adpt,Pre & Post,
324,Module 5,Lesson 3,Unit 5.3.c - P-Values,Problem,Adapt 324,Sauce z-test upper int 3,Difficult,,post-test fixed,post-test adpt,Module 1,
325,Module 5,Lesson 3,Unit 5.3.b - Critical Region,Problem,Adapt 325,Hawkins z-test 2-tail 1,Reg,,Module 5,pre-test fixed,Pre,
326,Module 5,Lesson 3,Unit 5.3.c - P-Values,Problem,Adapt 326,Hawkins z-test 2-tail int 1,Reg,,Module 5,Module 5,Post,
327,Module 5,Lesson 3,Unit 5.3.b - Critical Region,Problem,Adapt 327,Hawkins z-test 2-tail 2,Reg,,pre-test adpt,pre-test adpt,Post,
328,Module 5,Lesson 3,Unit 5.3.c - P-Values,Problem,Adapt 328,Hawkins z-test 2-tail int 2,Reg,,Module 5,Module 5,Module 5,
329,Module 5,Lesson 3,Unit 5.3.b - Critical Region,Problem,Adapt 329,Store z-test upper 1,Reg,,Module 5,post-test adpt,Final,
33,Module 1,Lesson 3,"Unit 1.3.d - Computing Average, Median, Variance, Standard Deviation, and Skewness",Problem,Adapt 33,IBM 99th%,Reg,,Module 1,post-test adpt,Pre,
330,Module 5,Lesson 3,Unit 5.3.c - P-Values,Problem,Adapt 330,Store z-test upper int 1,Reg,,Module 5,Module 5,Pre,
331,Module 5,Lesson 3,Unit 5.3.b - Critical Region,Problem,Adapt 331,Store z-test upper 2,Reg,,Module 5,post-test adpt,Module 5,
332,Module 5,Lesson 3,Unit 5.3.c - P-Values,Problem,Adapt 332,Store z-test upper int 2,Reg,,post-test adpt,post-test adpt,Final,
333,Module 5,Lesson 3,Unit 5.3.b - Critical Region,Problem,Adapt 333,Store z-test upper 3,Difficult,,Module 5,Module 5,Post,
334,Module 5,Lesson 3,Unit 5.3.c - P-Values,Problem,Adapt 334,Store z-test upper int 3,Difficult,,Module 5,Module 5,Post,
335,Module 5,Lesson 4,Unit 5.4.c - One Sample T-Test,Problem,Adapt 335,Mail t-test lower 1,Easy,,Module 5,post-test adpt,Pre,
336,Module 5,Lesson 4,"Unit 5.4.b - Critical Region, P-Values,  and T.INVERSE Function",Problem,Adapt 336,Mail t-test lower int 1,Easy,,Module 5,Module 5,Module 5,
337,Module 5,Lesson 4,Unit 5.4.c - One Sample T-Test,Problem,Adapt 337,Mail t-test lower 2,Easy,,Module 5,pre-test fixed,Post,
338,Module 5,Lesson 4,"Unit 5.4.b - Critical Region, P-Values,  and T.INVERSE Function",Problem,Adapt 338,Mail t-test lower int 2,Easy,,Module 5,post-test adpt,Post,
339,Module 5,Lesson 4,Unit 5.4.c - One Sample T-Test,Problem,Adapt 339,Mail t-test lower 3,Difficult,,Module 5,Module 5,Pre,
34,Module 1,Lesson 3,"Unit 1.3.d - Computing Average, Median, Variance, Standard Deviation, and Skewness",Problem,Adapt 34,Intel 95th%,Reg,,Module 1,post-test adpt,Post,
340,Module 5,Lesson 4,"Unit 5.4.b - Critical Region, P-Values,  and T.INVERSE Function",Problem,Adapt 340,Mail t-test lower int 3,Difficult,,Module 5,Module 5,Pre,
341,Module 5,Lesson 4,Unit 5.4.c - One Sample T-Test,Problem,Adapt 341,Sauce t-test upper 1,Reg,,Module 5,post-test adpt,Post,
342,Module 5,Lesson 4,"Unit 5.4.b - Critical Region, P-Values,  and T.INVERSE Function",Problem,Adapt 342,Sauce t-test upper int 1,Reg,,Module 5,Module 5,Pre & Post,
343,Module 5,Lesson 4,Unit 5.4.c - One Sample T-Test,Problem,Adapt 343,Sauce t-test upper 2,Reg,,pre-test adpt,pre-test adpt,Pre,
344,Module 5,Lesson 4,"Unit 5.4.b - Critical Region, P-Values,  and T.INVERSE Function",Problem,Adapt 344,Sauce t-test upper int 2,Reg,,Module 5,post-test fixed,Final,
345,Module 5,Lesson 4,Unit 5.4.c - One Sample T-Test,Problem,Adapt 345,Sauce t-test upper 3,Reg,,Module 5,Module 5,Pre & Post,
346,Module 5,Lesson 4,"Unit 5.4.b - Critical Region, P-Values,  and T.INVERSE Function",Problem,Adapt 346,Sauce t-test upper int 3,Reg,,Module 5,post-test adpt,Module 5,
347,Module 5,Lesson 4,Unit 5.4.c - One Sample T-Test,Problem,Adapt 347,Hawkin t-test two tail 1,Difficult,,Module 5,Module 5,Post,
348,Module 5,Lesson 4,"Unit 5.4.b - Critical Region, P-Values,  and T.INVERSE Function",Problem,Adapt 348,Hawkins t-test two tail int 1,Difficult,,post-test adpt,Module 5,Pre,
349,Module 5,Lesson 4,Unit 5.4.c - One Sample T-Test,Problem,Adapt 349,Hawkin t-test two tail 2,Difficult,,Module 5,Module 5,Module 5,
35,Module 1,Lesson 2,Unit 1.2.a - What is a Histogram?,Problem,Adapt 35,Create histogram_GE,Reg,,Module 1,pre-test fixed,Post,
350,Module 5,Lesson 4,"Unit 5.4.b - Critical Region, P-Values,  and T.INVERSE Function",Problem,Adapt 350,Hawkins t-test two tail int 2,Difficult,,Module 5,Module 5,Pre,
351,Module 5,Lesson 4,Unit 5.4.c - One Sample T-Test,Problem,Adapt 351,Hawkin t-test two tail 3,Difficult,,Module 5,post-test adpt,Pre,
352,Module 5,Lesson 4,"Unit 5.4.b - Critical Region, P-Values,  and T.INVERSE Function",Problem,Adapt 352,Hawkins t-test two tail int 3,Difficult,,Module 5,post-test adpt,Post,
353,Module 5,Lesson 4,Unit 5.4.c - One Sample T-Test,Problem,Adapt 353,Store t-test upper 1,Reg,,Module 5,Module 5,Post,
354,Module 5,Lesson 4,"Unit 5.4.b - Critical Region, P-Values,  and T.INVERSE Function",Problem,Adapt 354,Store t-test upper int 1,Reg,,pre-test fixed,Module 5,Post,
355,Module 5,Lesson 4,Unit 5.4.c - One Sample T-Test,Problem,Adapt 355,Store t-test upper 2,Reg,,Module 5,Module 5,Pre,
356,Module 5,Lesson 4,"Unit 5.4.b - Critical Region, P-Values,  and T.INVERSE Function",Problem,Adapt 356,Store t-test upper int 2,Reg,,Module 5,pre-test fixed,Pre,
357,Module 5,Lesson 4,Unit 5.4.c - One Sample T-Test,Problem,Adapt 357,Store t-test upper 3,Reg,,post-test fixed,post-test adpt,Post,
358,Module 5,Lesson 4,"Unit 5.4.b - Critical Region, P-Values,  and T.INVERSE Function",Problem,Adapt 358,Store t-test upper int 3,Reg,,pre-test adpt,pre-test adpt,Post,
359,Module 5,Lesson 5,Unit 5.5.a - Single Sample Test for Population Proportion,Problem,Adapt 359,BB Prop_two tail 1,Reg,,Module 5,post-test fixed,Pre,
36,Module 1,Lesson 2,Unit 1.2.a - What is a Histogram?,Problem,Adapt 36,Create histogram_3M,Reg,,Module 1,Module 1,Pre,
360,Module 5,Lesson 5,Unit 5.5.a - Single Sample Test for Population Proportion,Problem,Adapt 360,BB Prop_two tail int 1,Difficult,,Module 5,Module 5,Post,
361,Module 5,Lesson 5,Unit 5.5.a - Single Sample Test for Population Proportion,Problem,Adapt 361,BB Prop_two tail 2,Reg,,Module 5,Module 5,Pre,
362,Module 5,Lesson 5,Unit 5.5.a - Single Sample Test for Population Proportion,Problem,Adapt 362,BB Prop_two tail int 2,Difficult,,Module 5,post-test adpt,Post,
363,Module 5,Lesson 5,Unit 5.5.a - Single Sample Test for Population Proportion,Problem,Adapt 363,BB Prop_two tail 3,Reg,,Module 5,Module 5,Pre,
364,Module 5,Lesson 5,Unit 5.5.a - Single Sample Test for Population Proportion,Problem,Adapt 364,BB Prop_two tail int 3,Difficult,,Module 5,post-test adpt,Pre,
365,Module 5,Lesson 5,Unit 5.5.a - Single Sample Test for Population Proportion,Problem,Adapt 365,Delivery Prop_lower 1,Reg,,Module 5,pre-test fixed,Pre,
366,Module 5,Lesson 5,Unit 5.5.a - Single Sample Test for Population Proportion,Problem,Adapt 366,Delivery Prop_lower int 1,Difficult,,Module 5,Module 5,Post,
367,Module 5,Lesson 5,Unit 5.5.a - Single Sample Test for Population Proportion,Problem,Adapt 367,Delivery Prop_lower 2,Reg,,Module 5,Module 5,Post,
368,Module 5,Lesson 5,Unit 5.5.a - Single Sample Test for Population Proportion,Problem,Adapt 368,Delivery Prop_lower int 2,Difficult,,Module 5,Module 5,Pre,
369,Module 5,Lesson 5,Unit 5.5.a - Single Sample Test for Population Proportion,Problem,Adapt 369,Delivery Prop_lower 3,Reg,,Module 5,post-test adpt,Post,
37,Module 1,Lesson 2,Unit 1.2.a - What is a Histogram?,Problem,Adapt 37,Create histogram_IBM,Reg,,Module 1,post-test adpt,Post,
370,Module 5,Lesson 5,Unit 5.5.a - Single Sample Test for Population Proportion,Problem,Adapt 370,Delivery Prop_lower int 3,Difficult,,Module 5,Module 5,Pre,
371,Module 5,Lesson 5,Unit 5.5.a - Single Sample Test for Population Proportion,Problem,Adapt 371,Flu Prop_upper 1,Reg,,Module 5,Module 5,Post,
372,Module 5,Lesson 5,Unit 5.5.a - Single Sample Test for Population Proportion,Problem,Adapt 372,Flu Prop_upper int 1,Difficult,,Module 5,Module 5,Post,
373,Module 5,Lesson 5,Unit 5.5.a - Single Sample Test for Population Proportion,Problem,Adapt 373,Flu Prop_upper 2,Reg,,Module 5,Module 5,Pre,
374,Module 5,Lesson 5,Unit 5.5.a - Single Sample Test for Population Proportion,Problem,Adapt 374,Flu Prop_upper int 2,Difficult,,post-test adpt,post-test adpt,Pre & Post,
375,Module 5,Lesson 5,Unit 5.5.a - Single Sample Test for Population Proportion,Problem,Adapt 375,Flu Prop_upper 3,Reg,,Module 5,Module 5,Post,
376,Module 5,Lesson 5,Unit 5.5.a - Single Sample Test for Population Proportion,Problem,Adapt 376,Flu Prop_upper int 3,Difficult,,Module 5,post-test adpt,Pre,
377,Module 5,Lesson 5,Unit 5.5.a - Single Sample Test for Population Proportion,Problem,Adapt 377,Left Prop_lower 1,Reg,,Module 5,Module 5,Post,
378,Module 5,Lesson 5,Unit 5.5.a - Single Sample Test for Population Proportion,Problem,Adapt 378,Left Prop_lower int 1,Difficult,,pre-test fixed,Module 5,Post,
379,Module 5,Lesson 5,Unit 5.5.a - Single Sample Test for Population Proportion,Problem,Adapt 379,Left Prop_lower 2,Reg,,Module 5,Module 5,Pre,
38,Module 1,Lesson 2,Unit 1.2.a - What is a Histogram?,Problem,Adapt 38,Create histogram_Intel,Reg,,Module 1,pre-test adpt,Pre & Post,
380,Module 5,Lesson 5,Unit 5.5.a - Single Sample Test for Population Proportion,Problem,Adapt 380,Left Prop_lower int 2,Difficult,,post-test adpt,pre-test adpt,Post,
381,Module 5,Lesson 5,Unit 5.5.a - Single Sample Test for Population Proportion,Problem,Adapt 381,Left Prop_lower 3,Reg,,Module 5,post-test adpt,Post,
382,Module 5,Lesson 5,Unit 5.5.a - Single Sample Test for Population Proportion,Problem,Adapt 382,Left Prop_lower int 3,Difficult,,Module 5,Module 5,Pre,
383,Module 5,Lesson 6,Unit 5.6.a - Testing Equality of Variances,Problem,Adapt 383,Equal Var 1,Reg,,Module 5,post-test fixed,Post,Include in all conditions
384,Module 5,Lesson 6,Unit 5.6.a - Testing Equality of Variances,Problem,Adapt 384,Equal Var 2,Reg,,Module 5,Module 5,Pre,
385,Module 5,Lesson 6,Unit 5.6.a - Testing Equality of Variances,Problem,Adapt 385,Equal Var 3,Reg,,Module 5,post-test adpt,Pre,
386,Module 5,Lesson 6,Unit 5.6.a - Testing Equality of Variances,Problem,Adapt 386,Equal Var 4,Reg,,Module 5,pre-test adpt,Module 1,
387,Module 5,Lesson 6,Unit 5.6.a - Testing Equality of Variances,Problem,Adapt 387,Equal Var 5,Reg,,Module 5,pre-test adpt,Final,
388,Module 5,Lesson 7,Unit 5.7.c - Equal Variance T-Test,Problem,Adapt 388,Equal Var T-test 1,Reg,,Module 5,Module 5,Final,
389,Module 5,Lesson 7,Unit 5.7.c - Equal Variance T-Test,Problem,Adapt 389,Equal Var t-test int 1,Difficult,,Module 5,Module 5,Module 1,
39,Module 1,Lesson 3,Unit 1.3.f - Geometric Mean and Compound Annual Growth Rate (CAGR),Problem,Adapt 39,CAGR_Highest,Reg,,pre-test fixed,pre-test fixed,Post,
390,Module 5,Lesson 7,Unit 5.7.c - Equal Variance T-Test,Problem,Adapt 390,Equal Var T-test 2,Reg,,post-test fixed,Module 5,Post,
391,Module 5,Lesson 7,Unit 5.7.c - Equal Variance T-Test,Problem,Adapt 391,Equal Var t-test int 2,Difficult,,Module 5,Module 5,Post,
392,Module 5,Lesson 7,Unit 5.7.c - Equal Variance T-Test,Problem,Adapt 392,Equal Var T-test 3,Difficult,,post-test adpt,post-test adpt,Final,
393,Module 5,Lesson 7,Unit 5.7.c - Equal Variance T-Test,Problem,Adapt 393,Equal Var t-test int 3,Difficult,,post-test adpt,post-test adpt,Pre,
394,Module 5,Lesson 7,Unit 5.7.c - Equal Variance T-Test,Problem,Adapt 394,Equal Var T-test 4,Reg,,pre-test fixed,pre-test fixed,Module 1,
395,Module 5,Lesson 7,Unit 5.7.c - Equal Variance T-Test,Problem,Adapt 395,Equal Var t-test int 4,Reg,,pre-test adpt,pre-test adpt,Pre,
396,Module 5,Lesson 7,Unit 5.7.d - Unequal Variance T-Test,Problem,Adapt 396,Unequal Var T-test 1,Difficult,,Module 5,Module 5,Module 1,
397,Module 5,Lesson 7,Unit 5.7.d - Unequal Variance T-Test,Problem,Adapt 397,Unequal Var t-test int 1,Difficult,,Module 5,Module 5,Module 2,
398,Module 5,Lesson 7,Unit 5.7.d - Unequal Variance T-Test,Problem,Adapt 398,Unequal Var T-test 2,Difficult,,Module 5,Module 5,Pre,
399,Module 5,Lesson 7,Unit 5.7.d - Unequal Variance T-Test,Problem,Adapt 399,Unequal Var t-test int 2,Difficult,,Module 5,Module 5,Final,
4,Module 1,Lesson 5,Unit 1.5.a - Nominal Data and Ordinal Data,Problem,Adapt 4,LIght bulb data type 2,Easy,,Module 1,post-test fixed,Module 3,
40,Module 1,Lesson 3,Unit 1.3.f - Geometric Mean and Compound Annual Growth Rate (CAGR),Problem,Adapt 40,CAGR_2nd Highest,Reg,,post-test fixed,Module 1,Post,
400,Module 5,Lesson 7,Unit 5.7.d - Unequal Variance T-Test,Problem,Adapt 400,Unequal Var T-test 3,Difficult,,Module 5,Module 5,Post,
401,Module 5,Lesson 7,Unit 5.7.d - Unequal Variance T-Test,Problem,Adapt 401,Unequal Var t-test int 3,Difficult,,Module 5,post-test adpt,Pre,
402,Module 5,Lesson 7,Unit 5.7.b - Two Sample Z-Test,Problem,Adapt 402,2 sample z-test 1,Reg,,Module 5,post-test fixed,Module 1,
403,Module 5,Lesson 7,Unit 5.7.b - Two Sample Z-Test,Problem,Adapt 403,2 sample z-test int 1,Difficult,,Module 5,Module 5,Post,
404,Module 5,Lesson 7,Unit 5.7.b - Two Sample Z-Test,Problem,Adapt 404,2 sample z-test 2,Reg,,Module 5,pre-test adpt,Pre & Post,
405,Module 5,Lesson 7,Unit 5.7.b - Two Sample Z-Test,Problem,Adapt 405,2 sample z-test int 2,Difficult,,Module 5,post-test adpt,Post,
406,Module 5,Lesson 7,Unit 5.7.b - Two Sample Z-Test,Problem,Adapt 406,2 sample z-test 3,Difficult,,Module 5,Module 5,Pre,
407,Module 5,Lesson 7,Unit 5.7.b - Two Sample Z-Test,Problem,Adapt 407,2 sample z-test int 3,Reg,,Module 5,post-test adpt,Module 1,
408,Module 5,Lesson 7,Unit 5.7.f - T-Test Paired Two Sample for Means,Problem,Adapt 408,Paired Sample 1,Reg,,Module 5,Module 5,Final,
409,Module 5,Lesson 7,Unit 5.7.f - T-Test Paired Two Sample for Means,Problem,Adapt 409,Paired Sample int 1,Difficult,,Module 5,Module 5,Post,
41,Module 1,Lesson 3,Unit 1.3.f - Geometric Mean and Compound Annual Growth Rate (CAGR),Problem,Adapt 41,CAGR_3M,Reg,,Module 1,post-test adpt,Module 2,
410,Module 5,Lesson 7,Unit 5.7.f - T-Test Paired Two Sample for Means,Problem,Adapt 410,Paired Sample 2,Difficult,,Module 5,post-test adpt,Pre,
411,Module 5,Lesson 7,Unit 5.7.f - T-Test Paired Two Sample for Means,Problem,Adapt 411,Paired Sample int 2,Difficult,,Module 5,pre-test adpt,Module 2,
412,Module 5,Lesson 7,Unit 5.7.f - T-Test Paired Two Sample for Means,Problem,Adapt 412,Paired Sample 3,Reg,,Module 5,Module 5,Pre,
413,Module 5,Lesson 7,Unit 5.7.f - T-Test Paired Two Sample for Means,Problem,Adapt 413,Paired Sample int 3,Difficult,,Module 5,Module 5,Module 1,
414,Module 5,Lesson 8,Unit 5.8.b - Computation of Chi Squared Statistic,Problem,Adapt 414,Chi Square 1,Reg,,pre-test fixed,pre-test fixed,Post,
415,Module 5,Lesson 8,Unit 5.8.b - Computation of Chi Squared Statistic,Problem,Adapt 415,Chi Square int 1,Difficult,,Module 5,post-test fixed,Post,
416,Module 5,Lesson 8,Unit 5.8.b - Computation of Chi Squared Statistic,Problem,Adapt 416,Chi Square 2,Reg,,post-test adpt,post-test adpt,Pre,
417,Module 5,Lesson 8,Unit 5.8.b - Computation of Chi Squared Statistic,Problem,Adapt 417,Chi Square int 2,Difficult,,Module 5,Module 5,Pre,
418,Module 5,Lesson 8,Unit 5.8.b - Computation of Chi Squared Statistic,Problem,Adapt 418,Chi Square 3,Reg,,Module 5,Module 5,Post,
419,Module 5,Lesson 8,Unit 5.8.b - Computation of Chi Squared Statistic,Problem,Adapt 419,Chi Square int 3,Difficult,,Module 5,Module 5,Pre,
42,Module 1,Lesson 3,Unit 1.3.f - Geometric Mean and Compound Annual Growth Rate (CAGR),Problem,Adapt 42,CAGR_GE,Reg,,Module 1,Module 1,Pre,
420,Module 5,Lesson 8,Unit 5.8.b - Computation of Chi Squared Statistic,Problem,Adapt 420,Chi Square school 1,Reg,,Module 5,Module 5,Final,
421,Module 5,Lesson 8,Unit 5.8.b - Computation of Chi Squared Statistic,Problem,Adapt 421,Chi Square school int 1,Difficult,,Module 5,Module 5,Post,
422,Module 5,Lesson 8,Unit 5.8.b - Computation of Chi Squared Statistic,Problem,Adapt 422,Chi Square school int 2,Difficult,,post-test fixed,pre-test adpt,Pre,
423,Module 5,Lesson 8,Unit 5.8.b - Computation of Chi Squared Statistic,Problem,Adapt 423,Chi Square school int 3,Difficult,,Module 5,post-test adpt,Pre,
424,Module 5,Lesson 8,Unit 5.8.b - Computation of Chi Squared Statistic,Problem,Adapt 424,Chi Square 4,Reg,,Module 5,pre-test adpt,Module 2,
425,Module 5,Lesson 8,Unit 5.8.b - Computation of Chi Squared Statistic,Problem,Adapt 425,Chi Square int 4,Difficult,,Module 5,Module 5,Post,
426,Module 5,Lesson 8,Unit 5.8.b - Computation of Chi Squared Statistic,Problem,Adapt 426,Chi Square 5,Reg,,post-test adpt,post-test adpt,Post,
427,Module 5,Lesson 8,Unit 5.8.b - Computation of Chi Squared Statistic,Problem,Adapt 427,Chi Square int 5,Difficult,,Module 5,Module 5,Post,
428,Module 5,Lesson 8,Unit 5.8.b - Computation of Chi Squared Statistic,Problem,Adapt 428,Chi Square 5,Reg,,pre-test adpt,pre-test adpt,Post,
429,Module 5,Lesson 8,Unit 5.8.b - Computation of Chi Squared Statistic,Problem,Adapt 429,Chi Square int 5,Difficult,,Module 5,post-test adpt,Post,
43,Module 1,Lesson 3,Unit 1.3.f - Geometric Mean and Compound Annual Growth Rate (CAGR),Problem,Adapt 43,CAGR_IBM,Reg,,Module 1,Module 1,Post,
430,Module 5,Lesson 8,Unit 5.8.b - Computation of Chi Squared Statistic,Problem,Adapt 430,Chi Square detail 1,Difficult,,Module 5,pre-test adpt,Pre,
431,Module 5,Lesson 8,Unit 5.8.b - Computation of Chi Squared Statistic,Problem,Adapt 431,Chi Square detail 2,Difficult,,Module 5,Module 5,Final,
432,Module 5,Lesson 8,Unit 5.8.b - Computation of Chi Squared Statistic,Problem,Adapt 432,Chi Square detail 3,Difficult,,Module 5,Module 5,Module 2,
433,Module 5,Lesson 8,Unit 5.8.b - Computation of Chi Squared Statistic,Problem,Adapt 433,Chi Square detail 4,Difficult,,Module 5,Module 5,Pre,
434,Module 5,Lesson 8,Unit 5.8.b - Computation of Chi Squared Statistic,Problem,Adapt 434,Chi Square detail 5,Difficult,,Module 5,Module 5,Post,
435,Module 4,Lesson 1,Unit 4.1.d - Problems in Sampling,Problem,Adapt 435,Fun 1,Reg,,Module 4,post-test adpt,Post,
44,Module 1,Lesson 3,Unit 1.3.f - Geometric Mean and Compound Annual Growth Rate (CAGR),Problem,Adapt 44,CAGR_Intel,Reg,,pre-test adpt,pre-test adpt,Pre,
45,Module 1,Lesson 3,Unit 1.3.f - Geometric Mean and Compound Annual Growth Rate (CAGR),Problem,Adapt 45,CAGR_IBM highest,Difficult,,Module 1,post-test adpt,Pre,
46,Module 1,Lesson 3,Unit 1.3.f - Geometric Mean and Compound Annual Growth Rate (CAGR),Problem,Adapt 46,CAGR_IBM lowest,Difficult,,Module 1,Module 1,Post,
47,Module 1,Lesson 3,Unit 1.3.f - Geometric Mean and Compound Annual Growth Rate (CAGR),Problem,Adapt 47,CAGR_Dell,Reg,,Module 1,Module 1,Pre,
48,Module 1,Lesson 3,Unit 1.3.f - Geometric Mean and Compound Annual Growth Rate (CAGR),Problem,Adapt 48,CAGR_INTC,Reg,,post-test adpt,post-test adpt,Pre,
49,Module 1,Lesson 3,Unit 1.3.f - Geometric Mean and Compound Annual Growth Rate (CAGR),Problem,Adapt 49,CAGR_MSFT,Reg,,Module 1,post-test adpt,Post,
5,Module 1,Lesson 1,Unit 1.1.a - Types of Data,Problem,Adapt 5,Gender data type 1,Easy,,post-test fixed,pre-test adpt,Pre,
50,Module 1,Lesson 3,Unit 1.3.f - Geometric Mean and Compound Annual Growth Rate (CAGR),Problem,Adapt 50,CAGR_NT,Reg,,Module 1,post-test adpt,Module 2,
51,Module 1,Lesson 3,Unit 1.3.f - Geometric Mean and Compound Annual Growth Rate (CAGR),Problem,Adapt 51,CAGR_PFE,Reg,,Module 1,post-test fixed,Post,Include in all conditions
52,Module 1,Lesson 4,Unit 1.4.c - Boxplots for Comparing Multiple Populations,Problem,Adapt 52,Boxplot_least variaility,Reg,,Module 1,post-test fixed,Module 2,
53,Module 1,Lesson 4,Unit 1.4.c - Boxplots for Comparing Multiple Populations,Problem,Adapt 53,Boxplot_highest median,Reg,,post-test fixed,pre-test fixed,Pre,
54,Module 1,Lesson 4,Unit 1.4.c - Boxplots for Comparing Multiple Populations,Problem,Adapt 54,Boxplot_most outliers,Reg,,post-test adpt,post-test adpt,Pre & Post,
55,Module 1,Lesson 4,Unit 1.4.c - Boxplots for Comparing Multiple Populations,Problem,Adapt 55,Boxplot_2 outliers,Reg,,pre-test adpt,pre-test adpt,Post,
56,Module 1,Lesson 3,Unit 1.3.f - Geometric Mean and Compound Annual Growth Rate (CAGR),Problem,Adapt 56,CAGR_boxplot recommend,Difficult,,post-test adpt,post-test adpt,Final,
57,Module 1,Lesson 2,Unit 1.2.b - Types of Histograms and Skewness,Problem,Adapt 57,Dist_INTC,Difficult,,Module 1,Module 1,Module 1,
58,Module 1,Lesson 2,Unit 1.2.b - Types of Histograms and Skewness,Problem,Adapt 58,Dist_Dell,Reg,,pre-test fixed,post-test adpt,Module 2,
59,Module 1,Lesson 2,Unit 1.2.b - Types of Histograms and Skewness,Problem,Adapt 59,Dist_NT,Reg,,post-test adpt,post-test adpt,Module 2,
6,Module 1,Lesson 5,Unit 1.5.a - Nominal Data and Ordinal Data,Problem,Adapt 6,Gender data type 2,Easy,,Module 1,post-test adpt,Module 3,
60,Module 1,Lesson 7,Unit 1.7.a - 80-20 Rule and Pareto Principle,Problem,Adapt 60,Understanding charts_Pareto 1,Difficult,,Module 1,pre-test fixed,Module 3,
61,Module 1,Lesson 7,Unit 1.7.a - 80-20 Rule and Pareto Principle,Problem,Adapt 61,Understanding charts_Pareto 2,Difficult,,pre-test fixed,Module 1,Module 3,
62,Module 1,Lesson 6,Unit 1.6.b - Summarizing Hierarchical Data with Treemap and Sunburst Charts,Problem,Adapt 62,Understanding charts_Hierarchy,Difficult,,Module 1,post-test fixed,Module 3,Include in all conditions
63,Module 1,Lesson 7,Unit 1.7.a - 80-20 Rule and Pareto Principle,Problem,Adapt 63,Pareto_Interpret 1,Difficult,,pre-test adpt,pre-test adpt,Module 3,
64,Module 1,Lesson 7,Unit 1.7.a - 80-20 Rule and Pareto Principle,Problem,Adapt 64,Pareto_Interpret 2,Difficult,,post-test adpt,post-test adpt,Module 3,
65,Module 1,Lesson 7,Unit 1.7.b - Creating a Pareto Chart,Problem,Adapt 65,Pareto_Percent,Easy,,Module 1,post-test fixed,Pre,
66,Module 1,Lesson 7,Unit 1.7.b - Creating a Pareto Chart,Problem,Adapt 66,Pareto_Left,Easy,,post-test adpt,post-test adpt,Pre,
67,Module 1,Lesson 7,Unit 1.7.b - Creating a Pareto Chart,Problem,Adapt 67,Pareto_Right,Easy,,post-test fixed,post-test adpt,Post,
68,Module 1,Lesson 3,"Unit 1.3.d - Computing Average, Median, Variance, Standard Deviation, and Skewness",Problem,Adapt 68,Median Income_Best,Reg,,Module 1,Module 1,Module 2,
69,Module 1,Lesson 3,"Unit 1.3.d - Computing Average, Median, Variance, Standard Deviation, and Skewness",Problem,Adapt 69,Median Income_Worst,Reg,,Module 1,Module 1,Post,
7,Module 1,Lesson 1,Unit 1.1.a - Types of Data,Problem,Adapt 7,Job level data type 1,Easy,,Module 1,Module 1,Pre,
70,Module 2,Lesson 1,Unit 2.1.a - Introduction to Probability,Problem,Adapt 70,Basic Prob 1,Reg,,pre-test fixed,Module 2,Post,
71,Module 2,Lesson 1,Unit 2.1.a - Introduction to Probability,Problem,Adapt 71,Basic Prob 2,Reg,,post-test adpt,post-test adpt,Post,
72,Module 2,Lesson 1,Unit 2.1.a - Introduction to Probability,Problem,Adapt 72,Sample Space 1,Easy,,Module 2,post-test fixed,Post,
73,Module 2,Lesson 1,Unit 2.1.a - Introduction to Probability,Problem,Adapt 73,Sample Space 2,Easy,,post-test fixed,post-test adpt,Pre,
74,Module 2,Lesson 1,Unit 2.1.a - Introduction to Probability,Problem,Adapt 74,Katy Tied,Easy,,Module 2,pre-test fixed,Module 3,
75,Module 2,Lesson 1,Unit 2.1.a - Introduction to Probability,Problem,Adapt 75,Dice sum 8,Reg,,Module 2,post-test fixed,Final,
76,Module 2,Lesson 1,Unit 2.1.a - Introduction to Probability,Problem,Adapt 76,Dice sum 10,Reg,,post-test adpt,post-test adpt,Module 3,
77,Module 2,Lesson 1,Unit 2.1.a - Introduction to Probability,Problem,Adapt 77,Dice sum 5,Reg,,Module 2,pre-test adpt,Pre,
78,Module 2,Lesson 2,Unit 2.2.a - Law of Complements,Problem,Adapt 78,Not Face Heart,Difficult,,Module 2,Module 2,Pre,
79,Module 2,Lesson 2,Unit 2.2.a - Law of Complements,Problem,Adapt 79,Not Face Diamond,Difficult,,Module 2,post-test adpt,Final,
8,Module 1,Lesson 5,Unit 1.5.a - Nominal Data and Ordinal Data,Problem,Adapt 8,Job level data type 2,Easy,,Module 1,Module 1,Pre & Post,
80,Module 2,Lesson 2,Unit 2.2.a - Law of Complements,Problem,Adapt 80,Not Face Red,Difficult,,pre-test fixed,pre-test fixed,Pre,
81,Module 2,Lesson 2,Unit 2.2.a - Law of Complements,Problem,Adapt 81,Min Six 50%,Difficult,,Module 2,Module 2,Pre,
82,Module 2,Lesson 2,Unit 2.2.a - Law of Complements,Problem,Adapt 82,Min Six 66%,Difficult,,Module 2,Module 2,Post,
83,Module 2,Lesson 2,Unit 2.2.a - Law of Complements,Problem,Adapt 83,Min Six 33%,Difficult,,Module 2,pre-test adpt,Pre,
84,Module 2,Lesson 2,Unit 2.3.b - Independent Events,Problem,Adapt 84,Katy Losing,Reg,,Module 2,post-test fixed,Post,
85,Module 2,Lesson 2,Unit 2.2.a - Law of Complements,Problem,Adapt 85,One tail,Difficult,,post-test adpt,post-test adpt,Pre & Post,
86,Module 2,Lesson 2,Unit 2.2.a - Law of Complements,Problem,Adapt 86,One head,Difficult,,pre-test adpt,pre-test adpt,Post,
87,Module 2,Lesson 3,Unit 2.3.a - Mutually Exclusive Events and Finding Prob (A or B),Problem,Adapt 87,Ace or heart,Reg,,post-test adpt,post-test adpt,Final,
88,Module 2,Lesson 3,Unit 2.3.a - Mutually Exclusive Events and Finding Prob (A or B),Problem,Adapt 88,Face or heart,Reg,,post-test fixed,post-test adpt,Post,
89,Module 2,Lesson 2,Unit 2.2.a - Law of Complements,Problem,Adapt 89,2 Dice 4 or 9,Reg,,Module 2,Module 2,Post,
9,Module 1,Lesson 1,Unit 1.1.a - Types of Data,Problem,Adapt 9,Age data type 1,Reg,,Module 1,post-test fixed,Pre,Not on final in course but need to cover this objective
90,Module 2,Lesson 2,Unit 2.2.a - Law of Complements,Problem,Adapt 90,2 Dice 1 or 7,Reg,,Module 2,Module 2,Module 3,
91,Module 2,Lesson 3,Unit 2.3.b - Independent Events,Problem,Adapt 91,4 Defect 3,Reg,,Module 2,post-test fixed,Pre,
92,Module 2,Lesson 3,Unit 2.3.b - Independent Events,Problem,Adapt 92,3 Defect 3,Reg,,Module 2,Module 2,Post,
93,Module 2,Lesson 3,Unit 2.3.b - Independent Events,Problem,Adapt 93,4 Defect 5,Reg,,pre-test adpt,pre-test adpt,Pre,
94,Module 2,Lesson 3,Unit 2.3.b - Independent Events,Problem,Adapt 94,Blackjack,Difficult,,pre-test fixed,post-test adpt,Module 1,
95,Module 2,Lesson 3,Unit 2.3.b - Independent Events,Problem,Adapt 95,Flush Hearts,Difficult,,Module 2,Module 2,Pre,
96,Module 2,Lesson 3,Unit 2.3.b - Independent Events,Problem,Adapt 96,Flush Any Suit,Difficult,,post-test adpt,post-test adpt,Final,
97,Module 2,Lesson 3,Unit 2.3.b - Independent Events,Problem,Adapt 97,2 clubs,Easy,,post-test fixed,pre-test adpt,Post,
98,Module 2,Lesson 2,Unit 2.2.a - Law of Complements,Problem,Adapt 98,Katy wins,Reg,,post-test adpt,post-test adpt,Module 1,
99,Module 2,Lesson 3,Unit 2.3.b - Independent Events,Problem,Adapt 99,6 on second toss,Easy,,post-test adpt,post-test adpt,Pre,